gtype,gid,gname,pid,seq,dtype,URL DB DATA,비고
WB,011,음란사이트,01,001,1,ama69tv.com,pid name -> 유해사이트
WB,011,음란사이트,01,001,1,100boziporno.com,
WB,011,음란사이트,01,001,1,ama10porno.com,
WB,011,음란사이트,01,001,1,www.yadongzoa.com,
WB,011,음란사이트,01,001,1,www.tvhottv.com,
WB,011,음란사이트,01,001,2,192.168.0.253,
WB,011,음란사이트,01,001,1,www.reduniform.com,
WB,011,음란사이트,01,001,1,www.gumung10zil.com,
WB,011,음란사이트,01,001,1,10amasex.com,
WB,011,음란사이트,01,001,1,yahan-movie.com,
WB,011,음란사이트,01,001,1,soraporno.com,
WB,011,음란사이트,01,001,1,10azoommaporno.com,
WB,011,음란사이트,01,001,1,eroshankook.com,
WB,011,음란사이트,01,001,1,naverpornosex.com,
WB,011,음란사이트,01,001,1,livepornosex.com,
WB,011,음란사이트,01,001,1,pornoloveyou.com,
WB,011,음란사이트,01,001,1,nude--sex.com,
WB,011,음란사이트,01,001,1,10adaporno.com,
WB,011,음란사이트,01,001,1,100bozi.net,
WB,011,음란사이트,01,001,1,sex--net.com,
WB,011,음란사이트,01,001,1,sex2030.net,
WB,011,음란사이트,01,001,1,porno10.biz,
WB,011,음란사이트,01,001,1,eroznsex.com,
WB,011,음란사이트,01,001,1,www.nudecity.co.kr,
WB,011,음란사이트,01,001,1,sexclub5678.com,
WB,011,음란사이트,01,001,1,racinggirlnude.net,
WB,011,음란사이트,01,001,1,sunginnovel.com,
WB,011,음란사이트,01,001,1,leejeunnude.com,
WB,011,음란사이트,01,001,1,www.892sora.net,
WB,011,음란사이트,01,001,2,10.10.10.99,
WB,011,음란사이트,01,001,1,pornonovel.com/,
WB,011,음란사이트,01,001,1,www.tvhottv.com/,
WB,011,음란사이트,01,001,1,www.ssibzil.net/,
WB,011,음란사이트,01,001,1,www.livesextape.com/,
WB,011,음란사이트,01,001,1,atporno.com/,
WB,011,음란사이트,01,001,1,www.anycomix.com,
WB,011,음란사이트,01,001,1,livebozi.daeguairport.or.kr,
WB,011,음란사이트,01,001,1,www.nado.co.kr/blog,
WB,011,음란사이트,01,001,1,www.xpornomania.com,
WB,011,음란사이트,01,001,1,yahansexkoreaporno.com/,
WB,011,음란사이트,01,001,1,www.soracam.com/9005579/,
WB,011,음란사이트,01,001,1,www.sexkorea-porno-sexkorea.com/,
WB,011,음란사이트,01,001,1,www.588sexporno.com/,
WB,011,음란사이트,01,001,1,www.sora21.net/,
WB,011,음란사이트,01,001,1,www.yahanom-eunjoo-sexkorea.com/,
WB,011,음란사이트,01,001,1,www.muryosunginmana.com/,
WB,011,음란사이트,01,001,1,www.pornoplayboy.net/,
WB,011,음란사이트,01,001,1,www.muryosunginlivepornocast.com/,
WB,011,음란사이트,01,001,1,www.muryosexmanga.com/,
WB,011,음란사이트,01,001,1,www.sexkoreabozishow.com/,
WB,011,음란사이트,01,001,1,www.pornomiari2000.com/,
WB,011,음란사이트,01,001,1,www.sexkoreasite.net/,
WB,011,음란사이트,01,001,1,www.sexkoreasexporno.com/,
WB,011,음란사이트,01,001,1,www.porno-sexkorea-sora.com/,
WB,011,음란사이트,01,001,1,www.sora-porno-sexkorea-sexmanga.com/,
WB,011,음란사이트,01,001,1,www.vip24call.com/,
WB,011,음란사이트,01,001,1,www.69adultcast.com/,
WB,011,음란사이트,01,001,1,www.sorapornosite.com/,
WB,011,음란사이트,01,001,1,www.69sexyadong.com/,
WB,011,음란사이트,01,001,1,www.hentai10manga.com/,
WB,011,음란사이트,01,001,1,www.muryopornosexkorea.net/,
WB,011,음란사이트,01,001,1,www.sexy10porno.com/,
WB,011,음란사이트,01,001,1,www.club7942.co.kr/,
WB,011,음란사이트,01,001,1,www.muryosunginporno.com/,
WB,011,음란사이트,01,001,1,www.phoneting69porno.com/,
WB,011,음란사이트,01,001,1,www.muryonude.com/,
WB,011,음란사이트,01,001,1,www.dgpri.com/,
WB,011,음란사이트,01,001,1,www.hotporno21.com/,
WB,011,음란사이트,01,001,1,www.sexvending.com/,
WB,011,음란사이트,01,001,1,www.joy1004call.com/,
WB,011,음란사이트,01,001,1,www.afcol.co.kr/,
WB,011,음란사이트,01,001,1,www.365lovemake.co.kr,
WB,011,음란사이트,01,001,1,www.condombox.co.kr/,
WB,011,음란사이트,01,001,1,mimiting.co.kr/mainContents/,
WB,011,음란사이트,01,001,1,www.19yadong.net/,
WB,011,음란사이트,01,001,1,www.pornosinmadam.net/,
WB,011,음란사이트,01,001,1,www.pornogogo.net/,
WB,011,음란사이트,01,001,1,www.nudesexsajin.com/,
WB,011,음란사이트,01,001,1,www.pornosexkiwi.com/,
WB,011,음란사이트,01,001,1,www.porno-soranet.com/,
WB,011,음란사이트,01,001,1,www.pornomelona.biz/,
WB,011,음란사이트,01,001,1,www.yasulqueenyadongking.wo.to/,
WB,011,음란사이트,01,001,1,www.sexwalporno.com/,
WB,011,음란사이트,01,001,1,www.pornosexbubu.com/,
WB,011,음란사이트,01,001,1,www.racinggirlnude.biz/,
WB,011,음란사이트,01,001,1,red79.joa.to/,
WB,011,음란사이트,01,001,1,www.pissing.3xniche.com,
WB,011,음란사이트,01,001,1,www.dynastypublications.com,
WB,011,음란사이트,01,001,1,www.dynatec.net,
WB,011,음란사이트,01,001,1,www.fnj.cx/bbs,
WB,011,음란사이트,01,001,1,www.gpointsex.com,
WB,011,음란사이트,01,001,1,www.gpointvcd.com,
WB,011,음란사이트,01,001,1,www.haroko.ce.ro,
WB,011,음란사이트,01,001,1,www.haroko2.ce.ro,
WB,011,음란사이트,01,001,1,www.haroko3.ce.ro,
WB,011,음란사이트,01,001,1,www.heers.nl,
WB,011,음란사이트,01,001,1,www.here-is-the-free-porn.com,
WB,011,음란사이트,01,001,1,www.here-pussy-pussy.net,
WB,011,음란사이트,01,001,1,www.here4sex.com,
WB,011,음란사이트,01,001,1,www.hereforporn.com,
WB,011,음란사이트,01,001,1,www.hereforsex.com,
WB,011,음란사이트,01,001,1,www.herefucking.com,
WB,011,음란사이트,01,001,1,www.hereiskeesha.com,
WB,011,음란사이트,01,001,1,www.hereisporn.com,
WB,011,음란사이트,01,001,1,www.hereisshemale.com,
WB,011,음란사이트,01,001,1,www.hereistheporn.bphosting.com,
WB,011,음란사이트,01,001,1,www.hereistheporn.com,
WB,011,음란사이트,01,001,1,www.hereisthepornoverdose.com,
WB,011,음란사이트,01,001,1,www.herekitty-kitty.com,
WB,011,음란사이트,01,001,1,www.hereporn.com,
WB,011,음란사이트,01,001,1,www.heres-some-porn.com,
WB,011,음란사이트,01,001,1,www.heresie.com,
WB,011,음란사이트,01,001,1,www.herestheporn.com,
WB,011,음란사이트,01,001,1,www.herethai.com,
WB,011,음란사이트,01,001,1,www.hereverydesire.com,
WB,011,음란사이트,01,001,1,www.herewecum.com,
WB,011,음란사이트,01,001,1,www.herewego.com,
WB,011,음란사이트,01,001,1,www.herexxx.com,
WB,011,음란사이트,01,001,1,www.hesubog.4.to,
WB,011,음란사이트,01,001,1,www.hesubog.co.to,
WB,011,음란사이트,01,001,1,www.hesucks.com,
WB,011,음란사이트,01,001,1,www.hoard.co.kr,
WB,011,음란사이트,01,001,1,www.hoardmag.com,
WB,011,음란사이트,01,001,1,www.hoarhouse.com/fresharea/39925714,
WB,011,음란사이트,01,001,1,www.hoarhouse.com/justreleased/1943,
WB,011,음란사이트,01,001,1,www.hoarhouse.com/rav/553,
WB,011,음란사이트,01,001,1,www.hoars.com,
WB,011,음란사이트,01,001,1,www.horaanimal.com,
WB,011,음란사이트,01,001,1,www.hugh-black-cock.porn-ebony.com,
WB,011,음란사이트,01,001,1,www.hughbetcha.com,
WB,011,음란사이트,01,001,1,www.hughg-reckshun.com,
WB,011,음란사이트,01,001,1,www.hughmerrill.com,
WB,011,음란사이트,01,001,1,www.hughsweb.com,
WB,011,음란사이트,01,001,1,www.huse.com,
WB,011,음란사이트,01,001,1,www.husein.ce.ro,
WB,011,음란사이트,01,001,1,www.ipgo.com,
WB,011,음란사이트,01,001,1,www.jpstars.com,
WB,011,음란사이트,01,001,1,www.jtjj.363.net/b2,
WB,011,음란사이트,01,001,1,www.jtjj.363.net/b3,
WB,011,음란사이트,01,001,1,www.jtjj.363.net/bb,
WB,011,음란사이트,01,001,1,www.jtjj.363.net/ii.htm,
WB,011,음란사이트,01,001,1,www.kcsplace.com,
WB,011,음란사이트,01,001,1,www.kdw625.any.to,
WB,011,음란사이트,01,001,1,www.kitzler.pornospace.de,
WB,011,음란사이트,01,001,1,www.kwt2002.wo.to,
WB,011,음란사이트,01,001,1,www.muporn.com,
WB,011,음란사이트,01,001,1,www.nadyne-private.com,
WB,011,음란사이트,01,001,1,www.nanna.web1000.com,
WB,011,음란사이트,01,001,1,www.nannagibson.com/free,
WB,011,음란사이트,01,001,1,www.nannagibson.net,
WB,011,음란사이트,01,001,1,www.nbmpub.com,
WB,011,음란사이트,01,001,1,www.nnangelina.com,
WB,011,음란사이트,01,001,1,www.nnangels.com,
WB,011,음란사이트,01,001,1,www.nnanina.com,
WB,011,음란사이트,01,001,1,www.nnnathalie.com,
WB,011,음란사이트,01,001,1,www.nnnation.com,
WB,011,음란사이트,01,001,1,www.nyadultdirectory.com,
WB,011,음란사이트,01,001,1,www.nyadultsonly.com,
WB,011,음란사이트,01,001,1,www.pws.org,
WB,011,음란사이트,01,001,1,www.raoh.net/goku/,
WB,011,음란사이트,01,001,1,www.sehu.com,
WB,011,음란사이트,01,001,1,www.sehu.cool168.com,
WB,011,음란사이트,01,001,1,www.sehu.net,
WB,011,음란사이트,01,001,1,www.sheupskirts.com,
WB,011,음란사이트,01,001,1,www.siux.com,
WB,011,음란사이트,01,001,1,www.stjp.com,
WB,011,음란사이트,01,001,1,www.uhsex.com,
WB,011,음란사이트,01,001,1,www.x-systems.info,
WB,011,음란사이트,01,001,1,www.yandex-rambler.ru,
WB,011,음란사이트,01,001,1,www.yandsporn.com,
WB,011,음란사이트,01,001,1,www.yandy1.com,
WB,011,음란사이트,01,001,1,www.ydnara.infomaster.co.kr,
WB,011,음란사이트,01,001,1,www.ynadult.com,
WB,011,음란사이트,01,001,1,www.z3dji.solavite.co.kr,
WB,011,음란사이트,01,001,1,www.ztik.com,
WB,011,음란사이트,01,001,1,wwweh.superhot.hotgalleries.com,
WB,011,음란사이트,01,001,1,wwwhe.erotica.4-u.net,
WB,011,음란사이트,01,001,1,wwwhe.superhot.hotgalleries.com,
WB,011,음란사이트,01,001,1,wwwhu.sex.ahost.net,
WB,011,음란사이트,01,001,1,wwwn18p.assparadise.com,
WB,011,음란사이트,01,001,1,wwwra.hotchicks.xxx-hotmail.com,
WB,011,음란사이트,01,001,1,xxx.3scompany.com,
WB,011,음란사이트,01,001,1,xxx.beastiality.pics.tux.nu,
WB,011,음란사이트,01,001,1,youngblood.dhs.org,
WB,011,음란사이트,01,001,1,youngblowjob.com,
WB,011,음란사이트,01,001,1,ii-scans.webjump.com,
WB,011,음란사이트,01,001,1,kimizaki.ne.jp,
WB,011,음란사이트,01,001,1,www.cjsac8.infomaster.co.kr,
WB,011,음란사이트,01,001,1,www.jacsasians.com,
WB,011,음란사이트,01,001,1,www.joguest.com,
WB,011,음란사이트,01,001,1,www.noookie.com,
WB,011,음란사이트,01,001,1,www.onooli.com,
WB,011,음란사이트,01,001,1,209.103.167.101,
WB,011,음란사이트,01,001,1,www.3eyedturtle.com,
WB,011,음란사이트,01,001,1,www.a9-gay-porn.com,
WB,011,음란사이트,01,001,1,www.migirl.wo.to,
WB,011,음란사이트,01,001,1,209.103.167.102,
WB,011,음란사이트,01,001,1,166.90.137.39,
WB,011,음란사이트,01,001,1,2young.sexheroes.com,
WB,011,음란사이트,01,001,1,5bozi.ce.ro,
WB,011,음란사이트,01,001,1,biosys.net,
WB,011,음란사이트,01,001,1,one.iizo.net,
WB,011,음란사이트,01,001,1,venus-of-willendorf-1028.abby.nu,
WB,011,음란사이트,01,001,1,www.52angel.net,
WB,011,음란사이트,01,001,1,www.abanas.com,
WB,011,음란사이트,01,001,1,www.abandon.fr.st,
WB,011,음란사이트,01,001,1,www.abandoned.com,
WB,011,음란사이트,01,001,1,www.abandonedasians.com,
WB,011,음란사이트,01,001,1,www.abandonedgaysex.com,
WB,011,음란사이트,01,001,1,www.abandonedlatinas.com,
WB,011,음란사이트,01,001,1,www.abandonedlesbians.com,
WB,011,음란사이트,01,001,1,www.abandonedoralpics.com,
WB,011,음란사이트,01,001,1,www.abandonedyouth.com,
WB,011,음란사이트,01,001,1,www.abangbus.com,
WB,011,음란사이트,01,001,1,www.abanicoxxx.com,
WB,011,음란사이트,01,001,1,www.anaba.ne.jp,
WB,011,음란사이트,01,001,1,www.anabcn.com,
WB,011,음란사이트,01,001,1,www.anabella.free.fr,
WB,011,음란사이트,01,001,1,www.anabelmoon.co.uk,
WB,011,음란사이트,01,001,1,www.anabolic.com,
WB,011,음란사이트,01,001,1,www.anabolica.com,
WB,011,음란사이트,01,001,1,www.anabolicxxx.com,
WB,011,음란사이트,01,001,1,www.anbangmart.co.kr,
WB,011,음란사이트,01,001,1,www.baanthai.com/touristik,
WB,011,음란사이트,01,001,1,www.banaantje.nl,
WB,011,음란사이트,01,001,1,www.banabe.com,
WB,011,음란사이트,01,001,1,www.banana-city.com,
WB,011,음란사이트,01,001,1,www.banana-club.jp,
WB,011,음란사이트,01,001,1,www.banana-group.net,
WB,011,음란사이트,01,001,1,www.banana-tv.co.kr,
WB,011,음란사이트,01,001,1,www.banana.co.kr,
WB,011,음란사이트,01,001,1,www.banana.gg.ro,
WB,011,음란사이트,01,001,1,www.banana.k-pj.net,
WB,011,음란사이트,01,001,1,www.banana.tv,
WB,011,음란사이트,01,001,1,www.banana24.com,
WB,011,음란사이트,01,001,1,www.bananababes.com,
WB,011,음란사이트,01,001,1,www.bananabob.com,
WB,011,음란사이트,01,001,1,www.bananaboobs.com,
WB,011,음란사이트,01,001,1,www.bananaboy.net,
WB,011,음란사이트,01,001,1,www.bananacity.co.kr,
WB,011,음란사이트,01,001,1,www.bananacity.tv,
WB,011,음란사이트,01,001,1,www.bananaclub.com.tw,
WB,011,음란사이트,01,001,1,www.bananagalz.com,
WB,011,음란사이트,01,001,1,www.bananagirl.net,
WB,011,음란사이트,01,001,1,www.bananaguide.com,
WB,011,음란사이트,01,001,1,www.bananahouse.net,
WB,011,음란사이트,01,001,1,www.bananai.infomaster.co.kr,
WB,011,음란사이트,01,001,1,www.bananakyouwakoku.com,
WB,011,음란사이트,01,001,1,www.bananaloca.com.br,
WB,011,음란사이트,01,001,1,www.bananalove.com,
WB,011,음란사이트,01,001,1,www.bananamall.co.kr,
WB,011,음란사이트,01,001,1,www.bananamall.com,
WB,011,음란사이트,01,001,1,www.bananamart.net,
WB,011,음란사이트,01,001,1,www.banananavi.com,
WB,011,음란사이트,01,001,1,www.banananet.com,
WB,011,음란사이트,01,001,1,www.bananaonani.ce.ro,
WB,011,음란사이트,01,001,1,www.bananapeel.com,
WB,011,음란사이트,01,001,1,www.bananasex.co.kr,
WB,011,음란사이트,01,001,1,www.bananasex.com.br,
WB,011,음란사이트,01,001,1,www.bananashoes.com,
WB,011,음란사이트,01,001,1,www.bananassex.com,
WB,011,음란사이트,01,001,1,www.bananatb.pe.kg,
WB,011,음란사이트,01,001,1,www.bananathumbs.com,
WB,011,음란사이트,01,001,1,www.bananating.co.kr,
WB,011,음란사이트,01,001,1,www.bananatv.co.kr,
WB,011,음란사이트,01,001,1,www.bananatv.com,
WB,011,음란사이트,01,001,1,www.bananatv.ne.kr,
WB,011,음란사이트,01,001,1,www.bananatv.stoo.com,
WB,011,음란사이트,01,001,1,www.bananavi.com,
WB,011,음란사이트,01,001,1,www.bananavi.jp,
WB,011,음란사이트,01,001,1,www.bananawiz.com,
WB,011,음란사이트,01,001,1,www.bananayawo.wo.ro,
WB,011,음란사이트,01,001,1,www.bananenbar.com,
WB,011,음란사이트,01,001,1,www.bananenjungs.de,
WB,011,음란사이트,01,001,1,www.cmb.org,
WB,011,음란사이트,01,001,1,www.iinnocent.com,
WB,011,음란사이트,01,001,1,www.ininsex.sexplanets.com,
WB,011,음란사이트,01,001,1,www.luyinji.3y3.cn,
WB,011,음란사이트,01,001,1,www.nini.com,
WB,011,음란사이트,01,001,1,www.nini.zoa.to,
WB,011,음란사이트,01,001,1,yb2ru37m-8-2.abby.nu,
WB,011,음란사이트,01,001,1,66.118.162.232,
WB,011,음란사이트,01,001,1,207.246.139.57,
WB,011,음란사이트,01,001,1,i.am/umi_k,
WB,011,음란사이트,01,001,1,ns1.assmaster.com,
WB,011,음란사이트,01,001,1,www.zuware.com,
WB,011,음란사이트,01,001,1,wwweu.nudecelebs.ahost.net,
WB,011,음란사이트,01,001,1,wwweu.nudity.nude-adult-porn.com,
WB,011,음란사이트,01,001,1,rommysachsen.webjump.com,
WB,011,음란사이트,01,001,1,209.103.167.110,
WB,011,음란사이트,01,001,1,4ptvzm5c-8-2.abby.nu,
WB,011,음란사이트,01,001,1,5celebrities.full-of-porn.com,
WB,011,음란사이트,01,001,1,5celebrities.images-porn.com,
WB,011,음란사이트,01,001,1,5celebrities.mad-teen-bitch.com,
WB,011,음란사이트,01,001,1,5celebrities.mpeg-avi-porn.com,
WB,011,음란사이트,01,001,1,5celebrities.my-softcore.com,
WB,011,음란사이트,01,001,1,6krdae758a.sbtechnics.com,
WB,011,음란사이트,01,001,1,allteenlesbians.com,
WB,011,음란사이트,01,001,1,automatic.downloadingpornwithdavo.com,
WB,011,음란사이트,01,001,1,babes.hit.bg,
WB,011,음란사이트,01,001,1,baloo.xtrafast.com,
WB,011,음란사이트,01,001,1,betty-white-nude-1028.abby.nu,
WB,011,음란사이트,01,001,1,bi4ez.nice-teen-porn.com,
WB,011,음란사이트,01,001,1,bitch.sexsite.net,
WB,011,음란사이트,01,001,1,bitches.black-butts.com,
WB,011,음란사이트,01,001,1,bitches.free-blowjobs-pics.com,
WB,011,음란사이트,01,001,1,bitches.free-gangbangs.com,
WB,011,음란사이트,01,001,1,bitches.fuckingfree.net,
WB,011,음란사이트,01,001,1,bitches.images-hardcore.com,
WB,011,음란사이트,01,001,1,bitches.legal-teen-porn.com,
WB,011,음란사이트,01,001,1,bitches.missveras.com,
WB,011,음란사이트,01,001,1,bitches.nice-teen-porn.com,
WB,011,음란사이트,01,001,1,bitches.nudinet.com,
WB,011,음란사이트,01,001,1,bitches.photos-porn-free.com,
WB,011,음란사이트,01,001,1,bitches.pics-nude-free.com,
WB,011,음란사이트,01,001,1,bitches.pics-porn-free.com,
WB,011,음란사이트,01,001,1,bitches.picture-from-porn.com,
WB,011,음란사이트,01,001,1,bitches.pictures-nude-porn.com,
WB,011,음란사이트,01,001,1,bitches.porn-adult-sexy.com,
WB,011,음란사이트,01,001,1,bitches.pornication-sex-pics.com,
WB,011,음란사이트,01,001,1,bitches.porno-sex-images.com,
WB,011,음란사이트,01,001,1,bitches.pornography-laws.com,
WB,011,음란사이트,01,001,1,bitches.pornstar-fetish.com,
WB,011,음란사이트,01,001,1,bitches.purerotica.com,
WB,011,음란사이트,01,001,1,bitches.school-barely-legal.com,
WB,011,음란사이트,01,001,1,bitches.search-my-porn.com,
WB,011,음란사이트,01,001,1,bitches.sex-adult-fetish.com,
WB,011,음란사이트,01,001,1,bitches.teensexlolita.net,
WB,011,음란사이트,01,001,1,bitches.top-niche-sites.com,
WB,011,음란사이트,01,001,1,bitches.top100-porn-links.com,
WB,011,음란사이트,01,001,1,bitches.xxx-sex-pornography.com,
WB,011,음란사이트,01,001,1,blmiller.simplenet.com,
WB,011,음란사이트,01,001,1,bnb.pornzonehost.com,
WB,011,음란사이트,01,001,1,cute.hosehost.com,
WB,011,음란사이트,01,001,1,dunwdsjj-8-2_bak.abby.nu,
WB,011,음란사이트,01,001,1,ecomix.coolfreehost.com,
WB,011,음란사이트,01,001,1,epic.porn77.com,
WB,011,음란사이트,01,001,1,frogsporn.com,
WB,011,음란사이트,01,001,1,gals.partygirlupskirts.com,
WB,011,음란사이트,01,001,1,gay.realxxxporn.com,
WB,011,음란사이트,01,001,1,gwyneth-paltrow-nude-1028.abby.nu,
WB,011,음란사이트,01,001,1,hackedpasses.cjb.net,
WB,011,음란사이트,01,001,1,his.babenet.com,
WB,011,음란사이트,01,001,1,hot-anime.hentaibitches.com,
WB,011,음란사이트,01,001,1,hot-city.net,
WB,011,음란사이트,01,001,1,hotguysclub.com,
WB,011,음란사이트,01,001,1,ischoolbus.co.kr/snemvldk,
WB,011,음란사이트,01,001,1,japanxgirls.fsn.net,
WB,011,음란사이트,01,001,1,kay-lenz-nude-1028.abby.nu,
WB,011,음란사이트,01,001,1,latina.galleriesforfree.com,
WB,011,음란사이트,01,001,1,lesb4free.ezxxxhost.com,
WB,011,음란사이트,01,001,1,loveat.hihome.com,
WB,011,음란사이트,01,001,1,matrix.binary.net,
WB,011,음란사이트,01,001,1,mdg.xxxseeker.com,
WB,011,음란사이트,01,001,1,mj6kd3i1-8-6_bak.abby.nu,
WB,011,음란사이트,01,001,1,models-for-marriage.at,
WB,011,음란사이트,01,001,1,nude-celeb.ws,
WB,011,음란사이트,01,001,1,nude-celebrites.closeups.naughtycunt.com,
WB,011,음란사이트,01,001,1,nude-celebrities.actofgod.com,
WB,011,음란사이트,01,001,1,nude-celebrities.hookdaddy.net,
WB,011,음란사이트,01,001,1,nude-celebrities.xxxhome.com,
WB,011,음란사이트,01,001,1,nude-celebrity-babes.hotyoungstars.com,
WB,011,음란사이트,01,001,1,nude-celebrity-babes.younghollywoodteens.com,
WB,011,음란사이트,01,001,1,nude-celebrity-gallery.com,
WB,011,음란사이트,01,001,1,nude-celebrity-photos.younghollywoodteens.com,
WB,011,음란사이트,01,001,1,nude-celebrity-pictures.younghollywoodteens.com,
WB,011,음란사이트,01,001,1,nude-celebrity.free-sex-japan.com,
WB,011,음란사이트,01,001,1,nude-celebs.dailypussy.com,
WB,011,음란사이트,01,001,1,nude-celebs.fsn.net,
WB,011,음란사이트,01,001,1,nz.nz-jp.com/~freak,
WB,011,음란사이트,01,001,1,ok888.11.com.tw,
WB,011,음란사이트,01,001,1,person.zj.cninfo.net/~dj,
WB,011,음란사이트,01,001,1,pic.u-v-u.com,
WB,011,음란사이트,01,001,1,prv.hymen.adultbouncer.com,
WB,011,음란사이트,01,001,1,r60zxm8r-8-6.abby.nu,
WB,011,음란사이트,01,001,1,real.gaysexnation.com,
WB,011,음란사이트,01,001,1,red.lesbianpicture.com,
WB,011,음란사이트,01,001,1,saint.pornports.com,
WB,011,음란사이트,01,001,1,secretdesire.xxx-shot.com,
WB,011,음란사이트,01,001,1,selena.world-politics.com,
WB,011,음란사이트,01,001,1,serioushardcoreporn.com,
WB,011,음란사이트,01,001,1,sexsex.asian-worlds.com,
WB,011,음란사이트,01,001,1,shop.gayromance.com,
WB,011,음란사이트,01,001,1,simplygay.dildodan.com,
WB,011,음란사이트,01,001,1,solair.eunet.yu/~palotay,
WB,011,음란사이트,01,001,1,solair.eunet.yu/~urosh,
WB,011,음란사이트,01,001,1,sweetloads.majorhost.com,
WB,011,음란사이트,01,001,1,sweetloads.xplaces.net,
WB,011,음란사이트,01,001,1,tgp.legendarylars.com,
WB,011,음란사이트,01,001,1,tom-katt-nude-1028.abby.nu,
WB,011,음란사이트,01,001,1,tvsexy.co.kr,
WB,011,음란사이트,01,001,1,twa.scubb.com,
WB,011,음란사이트,01,001,1,u2axxrux-8-2.abby.nu,
WB,011,음란사이트,01,001,1,ura-dvdshop.com,
WB,011,음란사이트,01,001,1,web.inter.nl.net/hcc/spicky,
WB,011,음란사이트,01,001,1,web.inter.nl.net/users/f.d.alink,
WB,011,음란사이트,01,001,1,web.inter.nl.net/users/n.leeuwis,
WB,011,음란사이트,01,001,1,web.inter.nl.net/users/tweeram,
WB,011,음란사이트,01,001,1,www.1pc.net,
WB,011,음란사이트,01,001,1,www.1pun.com,
WB,011,음란사이트,01,001,1,www.1pun.net,
WB,011,음란사이트,01,001,1,www.2bhadult.net,
WB,011,음란사이트,01,001,1,www.366love.com,
WB,011,음란사이트,01,001,1,www.4badboys.com,
WB,011,음란사이트,01,001,1,www.aat.mtci.ne.jp/~aripyon,
WB,011,음란사이트,01,001,1,www.at.asian-bikini.com,
WB,011,음란사이트,01,001,1,www.ata.com.ua,
WB,011,음란사이트,01,001,1,www.bad4u.com,
WB,011,음란사이트,01,001,1,www.d9.dion.ne.jp/~mari_ken,
WB,011,음란사이트,01,001,1,www.db4ad.com,
WB,011,음란사이트,01,001,1,www.dduk-girl.com,
WB,011,음란사이트,01,001,1,www.dduk-girls.com,
WB,011,음란사이트,01,001,1,www.dduk-sex.com,
WB,011,음란사이트,01,001,1,www.dduk4you.com,
WB,011,음란사이트,01,001,1,www.ddukchon.com,
WB,011,음란사이트,01,001,1,www.ddukking.com,
WB,011,음란사이트,01,001,1,www.dduklive.co.kr,
WB,011,음란사이트,01,001,1,www.dduklive.com,
WB,011,음란사이트,01,001,1,www.dduklive.net,
WB,011,음란사이트,01,001,1,www.ddukswingers.com,
WB,011,음란사이트,01,001,1,www.dgtv.com,
WB,011,음란사이트,01,001,1,www.dha114.co.kr,
WB,011,음란사이트,01,001,1,www.drstrangelove.com,
WB,011,음란사이트,01,001,1,www.ellnet.com,
WB,011,음란사이트,01,001,1,www.excla-fucking-large-big-tits-sex.com,
WB,011,음란사이트,01,001,1,www.exclaim1-penis-enlargement.com,
WB,011,음란사이트,01,001,1,www.exclamate-1-anal-sex-fuck-pics-xxx-video,
WB,011,음란사이트,01,001,1,www.exclamate-hardcore-nude-women-pregnant,
WB,011,음란사이트,01,001,1,www.exclamatea-dcupadultpornostarsnudefreepornsexpics.com,
WB,011,음란사이트,01,001,1,www.exclamatenudeteenpornxxxsexpics.com,
WB,011,음란사이트,01,001,1,www.exclamation-1-amateur-nude-women.com,
WB,011,음란사이트,01,001,1,www.exclamation-1-free-erotic-sex-stories.com,
WB,011,음란사이트,01,001,1,www.exclusiveamateurvideos.com,
WB,011,음란사이트,01,001,1,www.exclusiveanimevids.com,
WB,011,음란사이트,01,001,1,www.exclusivebabe.com,
WB,011,음란사이트,01,001,1,www.exclusivebdsm.com,
WB,011,음란사이트,01,001,1,www.exclusiveblondes.com,
WB,011,음란사이트,01,001,1,www.exclusivebondage.com,
WB,011,음란사이트,01,001,1,www.exclusivecelebporn.com,
WB,011,음란사이트,01,001,1,www.exclusiveclub.com,
WB,011,음란사이트,01,001,1,www.exclusivecontent.com,
WB,011,음란사이트,01,001,1,www.exclusivegals.com,
WB,011,음란사이트,01,001,1,www.exclusivehardcore.com,
WB,011,음란사이트,01,001,1,www.exclusivelinks.com,
WB,011,음란사이트,01,001,1,www.exclusively.co.uk,
WB,011,음란사이트,01,001,1,www.exclusively4adults.com,
WB,011,음란사이트,01,001,1,www.exclusively4affiliates.com,
WB,011,음란사이트,01,001,1,www.exclusively4free.com,
WB,011,음란사이트,01,001,1,www.exclusivelyporn.com,
WB,011,음란사이트,01,001,1,www.exclusivelyteens.com,
WB,011,음란사이트,01,001,1,www.exclusivepix.com,
WB,011,음란사이트,01,001,1,www.exclusivepix.net,
WB,011,음란사이트,01,001,1,www.exclusiveporn.net,
WB,011,음란사이트,01,001,1,www.exclusiveporn.nl,
WB,011,음란사이트,01,001,1,www.exclusivepornpics.com,
WB,011,음란사이트,01,001,1,www.exclusivepornstars.com,
WB,011,음란사이트,01,001,1,www.exclusivereview.com,
WB,011,음란사이트,01,001,1,www.exclusivesex.net,
WB,011,음란사이트,01,001,1,www.exclusivesexvideo.com,
WB,011,음란사이트,01,001,1,www.exclusivesexvideos.com,
WB,011,음란사이트,01,001,1,www.exclusivesluts.com,
WB,011,음란사이트,01,001,1,www.exclusiveteens.cjb.net,
WB,011,음란사이트,01,001,1,www.exclusivetgirls.com,
WB,011,음란사이트,01,001,1,www.exclusivetoons.com,
WB,011,음란사이트,01,001,1,www.exclusivetvlnet.com/dancer,
WB,011,음란사이트,01,001,1,www.exclusivevids.com,
WB,011,음란사이트,01,001,1,www.exclusivevids.teenposes.com,
WB,011,음란사이트,01,001,1,www.exclusivexyporn.com,
WB,011,음란사이트,01,001,1,www.foxx.net,
WB,011,음란사이트,01,001,1,www.foxxcyreds.com,
WB,011,음란사이트,01,001,1,www.foxxes.com,
WB,011,음란사이트,01,001,1,www.foxxx.com,
WB,011,음란사이트,01,001,1,www.foxxx.net,
WB,011,음란사이트,01,001,1,www.foxxxden.com,
WB,011,음란사이트,01,001,1,www.foxxxes.com,
WB,011,음란사이트,01,001,1,www.foxxxesden.com,
WB,011,음란사이트,01,001,1,www.foxxxesrun.com,
WB,011,음란사이트,01,001,1,www.foxxxie.com,
WB,011,음란사이트,01,001,1,www.foxxxiesporn.com,
WB,011,음란사이트,01,001,1,www.foxxxnet.com,
WB,011,음란사이트,01,001,1,www.foxxxy.com,
WB,011,음란사이트,01,001,1,www.foxxxy.net,
WB,011,음란사이트,01,001,1,www.foxxxyblondes.com,
WB,011,음란사이트,01,001,1,www.foxxxyfantasies.com,
WB,011,음란사이트,01,001,1,www.foxxy.com,
WB,011,음란사이트,01,001,1,www.foxxybrown.com,
WB,011,음란사이트,01,001,1,www.heinzhard.com,
WB,011,음란사이트,01,001,1,www.heinzmovies.com,
WB,011,음란사이트,01,001,1,www.hiendmedia.com,
WB,011,음란사이트,01,001,1,www.hienjoy.net,
WB,011,음란사이트,01,001,1,www.hineighbour.com,
WB,011,음란사이트,01,001,1,www.hinet-x.net,
WB,011,음란사이트,01,001,1,www.hinet.net,
WB,011,음란사이트,01,001,1,www.hinetgame.co.kr,
WB,011,음란사이트,01,001,1,www.hpp.sexplanets.com,
WB,011,음란사이트,01,001,1,www.inheranal.com,
WB,011,음란사이트,01,001,1,www.inherass.com,
WB,011,음란사이트,01,001,1,www.inherbox.com,
WB,011,음란사이트,01,001,1,www.inhereye.com,
WB,012,도박사이트,01,002,1,www.inhermouth.com,
WB,012,도박사이트,01,002,1,www.ltgco.com,
WB,012,도박사이트,01,002,1,www.nellablog.com,
WB,012,도박사이트,01,002,1,www.nelli.com,
WB,012,도박사이트,01,002,1,www.nellsex.com,
WB,012,도박사이트,01,002,1,www.php.e76.com.tw,
WB,012,도박사이트,01,002,1,www.pp.htv.fi/jpivo/cum,
WB,012,도박사이트,01,002,1,www.pp.htv.fi/orantama,
WB,012,도박사이트,01,002,1,www.pp.htv.fi/vsalonsa,
WB,012,도박사이트,01,002,1,www.sunlife.kir.jp,
WB,012,도박사이트,01,002,1,www.sunlolita.de,
WB,012,도박사이트,01,002,1,www.sunlovegalz.com,
WB,012,도박사이트,01,002,1,www.tectamm.com,
WB,012,도박사이트,01,002,1,www.unslammed.com,
WB,012,도박사이트,01,002,1,www.xcelebnet.com,
WB,012,도박사이트,01,002,1,www.xcelebpics.com,
WB,012,도박사이트,01,002,1,www.xcelebtgp.com,
WB,012,도박사이트,01,002,1,www.xcellant.com,
WB,012,도박사이트,01,002,1,www.xscum.com,
WB,012,도박사이트,01,002,1,www.xsuche.de,
WB,012,도박사이트,01,002,1,www.xxfocus.com,
WB,012,도박사이트,01,002,1,www.zeppin.com,
WB,012,도박사이트,01,002,1,www.zeppproductions.com,
WB,012,도박사이트,01,002,1,www.zitla.com,
WB,012,도박사이트,01,002,1,wwwlq.pussy.hotgalleries.com,
WB,012,도박사이트,01,002,1,wwwnl.superhot.hotgalleries.com,
WB,012,도박사이트,01,002,1,xxx.itp.ac.cn,
WB,012,도박사이트,01,002,1,yanglin.adult.directnic.com,
WB,012,도박사이트,01,002,1,www.333333.com,
WB,012,도박사이트,01,002,1,www.3333tlr.vv.st,
WB,012,도박사이트,01,002,1,www.aqqq11.infomaster.co.kr,
WB,012,도박사이트,01,002,1,www.cakiso.infomaster.co.kr,
WB,012,도박사이트,01,002,1,www.ckailey.com,
WB,012,도박사이트,01,002,1,www.kiaca.com,
WB,012,도박사이트,01,002,1,www.qqaq.com,
WB,012,도박사이트,01,002,1,fk97vu73-8-24.abby.nu,
WB,012,도박사이트,01,002,1,mickey.fsn.net,
WB,012,도박사이트,01,002,1,www.baggett.famouscelebs.net,
WB,012,도박사이트,01,002,1,www.baggett2.fsnet.co.uk,
WB,012,도박사이트,01,002,1,www.baggett2000.freeserve.co.uk,
WB,012,도박사이트,01,002,1,www.boeknows.com,
WB,012,도박사이트,01,002,1,www.bokeum.fr.st,
WB,012,도박사이트,01,002,1,www.bomoolsum.net,
WB,012,도박사이트,01,002,1,www.boomage.net,
WB,012,도박사이트,01,002,1,www.boombastica.com,
WB,012,도박사이트,01,002,1,www.boomboombooty.com,
WB,012,도박사이트,01,002,1,www.boomboomonline.com,
WB,012,도박사이트,01,002,1,www.boombporn.com,
WB,012,도박사이트,01,002,1,www.boomdwiddle.com,
WB,012,도박사이트,01,002,1,www.boomerank.com,
WB,012,도박사이트,01,002,1,www.boomi1360.net,
WB,012,도박사이트,01,002,1,www.boommovies.com,
WB,012,도박사이트,01,002,1,www.boomporn.com,
WB,012,도박사이트,01,002,1,www.boomzine.co.kr,
WB,012,도박사이트,01,002,1,www.cefi.or.jp/~ls,
WB,012,도박사이트,01,002,1,www.ebkor.com,
WB,012,도박사이트,01,002,1,www.ficeb.com,
WB,012,도박사이트,01,002,1,www.gagbabes.com,
WB,012,도박사이트,01,002,1,www.gagballs.com,
WB,012,도박사이트,01,002,1,www.icefuck.com,
WB,012,도박사이트,01,002,1,www.kobe-bfc.net,
WB,012,도박사이트,01,002,1,www.kobe-calling.gr.jp/live-files/slut-banks,
WB,012,도박사이트,01,002,1,www.kobe-fuzoku.com,
WB,012,도박사이트,01,002,1,www.kobe-maid.com,
WB,012,도박사이트,01,002,1,www.kobe-tai-adult-videos-dvds-sex-toys.com,
WB,012,도박사이트,01,002,1,www.kobe-tai-video.com,
WB,012,도박사이트,01,002,1,www.kobe-tai.com,
WB,012,도박사이트,01,002,1,www.kobe-tai.way2much.com,
WB,012,도박사이트,01,002,1,www.kobe1919.com,
WB,012,도박사이트,01,002,1,www.kobe2000.com/idol,
WB,012,도박사이트,01,002,1,www.kobedick.com,
WB,012,도박사이트,01,002,1,www.kobetai.com,
WB,012,도박사이트,01,002,1,www.kobetai.cx,
WB,012,도박사이트,01,002,1,www.kobetai.org,
WB,012,도박사이트,01,002,1,www.kobetaicafe.com,
WB,012,도박사이트,01,002,1,www.kobetaifucks.com,
WB,012,도박사이트,01,002,1,www.kobetailive.com,
WB,012,도박사이트,01,002,1,www.mobooty.com,
WB,012,도박사이트,01,002,1,www.mobozi.com,
WB,012,도박사이트,01,002,1,www.w3sex.com,
WB,012,도박사이트,01,002,1,1u7t515f-8-6_bak.abby.nu,
WB,012,도박사이트,01,002,1,6699.com,
WB,012,도박사이트,01,002,1,communities.msn.co.uk/humpinghotlips,
WB,012,도박사이트,01,002,1,communities.msn.com.tw/215338,
WB,012,도박사이트,01,002,1,communities.msn.com/a1swedensamateurnudepics,
WB,012,도박사이트,01,002,1,communities.msn.com/agedladies,
WB,012,도박사이트,01,002,1,communities.msn.com/amputeedevotee,
WB,012,도박사이트,01,002,1,communities.msn.com/amputeeladies,
WB,012,도박사이트,01,002,1,communities.msn.com/amputeephoto,
WB,012,도박사이트,01,002,1,communities.msn.com/femdomandfacesittingarts,
WB,012,도박사이트,01,002,1,communities.msn.com/sirbobalotsrealm,
WB,012,도박사이트,01,002,1,communities.msn.com/thekattsmeow,
WB,012,도박사이트,01,002,1,communities.msn.com/womenwholovetomasterbate,
WB,012,도박사이트,01,002,1,communities.msn.de/germanlegbracelovers,
WB,012,도박사이트,01,002,1,communities.msn.es/lasfotosdepacolo,
WB,012,도박사이트,01,002,1,communities.msn.it/masterxdilatazioneanaleefisting,
WB,012,도박사이트,01,002,1,communities.zeelandnet.nl/data/amateursex,
WB,012,도박사이트,01,002,1,community-2.webtv.net,
WB,012,도박사이트,01,002,1,community.gambling.com,
WB,012,도박사이트,01,002,1,community.matrixpix.com/madonna-book,
WB,012,도박사이트,01,002,1,community.reclouds.com/jasmines,
WB,012,도박사이트,01,002,1,community.redclouds.com,
WB,012,도박사이트,01,002,1,community.vibrations.net,
WB,012,도박사이트,01,002,1,community.webshots.com,
WB,012,도박사이트,01,002,1,free.amsterdamlivexxx.com,
WB,012,도박사이트,01,002,1,g7wuhaag-8-2_bak.abby.nu,
WB,012,도박사이트,01,002,1,kate-rusby-nude-1028.abby.nu,
WB,012,도박사이트,01,002,1,ogromna.pupa.org,
WB,012,도박사이트,01,002,1,org.animexotica.com,
WB,012,도박사이트,01,002,1,virgenee.cooladultxxx.com,
WB,012,도박사이트,01,002,1,winona.membership.nudehardcoreporn2000.com,
WB,012,도박사이트,01,002,1,www.esc4men.com,
WB,012,도박사이트,01,002,1,www.godo.it,
WB,012,도박사이트,01,002,1,www.godo.net,
WB,012,도박사이트,01,002,1,www.godofgambling.com,
WB,012,도박사이트,01,002,1,www.godofporn.com,
WB,012,도박사이트,01,002,1,www.godofporno.com,
WB,012,도박사이트,01,002,1,www.godomina.com,
WB,012,도박사이트,01,002,1,www.godoor.net/text/cinema.htm,
WB,012,도박사이트,01,002,1,www.godori.info/adult,
WB,012,도박사이트,01,002,1,www.godori.miss4u.com,
WB,012,도박사이트,01,002,1,www.godoriclub.co.kr,
WB,012,도박사이트,01,002,1,www.godown.com,
WB,012,도박사이트,01,002,1,www.good-78av.com,
WB,012,도박사이트,01,002,1,www.good-club.com,
WB,012,도박사이트,01,002,1,www.good-cock-foru.com,
WB,012,도박사이트,01,002,1,www.good-dvd.net,
WB,012,도박사이트,01,002,1,www.good-fantasy.com,
WB,012,도박사이트,01,002,1,www.good-feti.com,
WB,012,도박사이트,01,002,1,www.good-free-pics.com,
WB,012,도박사이트,01,002,1,www.good-free-pics.net,
WB,012,도박사이트,01,002,1,www.good-girls.com,
WB,012,도박사이트,01,002,1,www.good-in.ce.ro,
WB,012,도박사이트,01,002,1,www.good-in.wo.to,
WB,012,도박사이트,01,002,1,www.good-lookin.com,
WB,012,도박사이트,01,002,1,www.good-m.ce.ro,
WB,012,도박사이트,01,002,1,www.good-m.ez.ro,
WB,012,도박사이트,01,002,1,www.good-page.com,
WB,012,도박사이트,01,002,1,www.good-porn-guide.com,
WB,012,도박사이트,01,002,1,www.good-porn.com,
WB,012,도박사이트,01,002,1,www.good-time.co.kr,
WB,012,도박사이트,01,002,1,www.good-toy.com,
WB,012,도박사이트,01,002,1,www.good-vibes.com,
WB,012,도박사이트,01,002,1,www.good.666host.com,
WB,012,도박사이트,01,002,1,www.good.infomaster.co.kr,
WB,012,도박사이트,01,002,1,www.good100.com,
WB,012,도박사이트,01,002,1,www.good19.infomaster.co.kr,
WB,012,도박사이트,01,002,1,www.good69.com,
WB,012,도박사이트,01,002,1,www.good79.co.tv,
WB,012,도박사이트,01,002,1,www.good79.ez.or,
WB,012,도박사이트,01,002,1,www.good79.ez.ro,
WB,012,도박사이트,01,002,1,www.goodadultsites.com,
WB,012,도박사이트,01,002,1,www.goodanal.com,
WB,012,도박사이트,01,002,1,www.goodatsex.com,
WB,012,도박사이트,01,002,1,www.gooday.co.kr,
WB,012,도박사이트,01,002,1,www.goodb.cool168.com,
WB,012,도박사이트,01,002,1,www.goodbas.com,
WB,012,도박사이트,01,002,1,www.goodbath.co.kr,
WB,012,도박사이트,01,002,1,www.goodbigirl.com,
WB,012,도박사이트,01,002,1,www.goodbjs.com,
WB,012,도박사이트,01,002,1,www.goodblowjob.net,
WB,012,도박사이트,01,002,1,www.goodblowjobs.net,
WB,012,도박사이트,01,002,1,www.goodblows.com,
WB,012,도박사이트,01,002,1,www.goodbondage.com,
WB,012,도박사이트,01,002,1,www.goodbook.iscool.net,
WB,012,도박사이트,01,002,1,www.goodbootygirls.com,
WB,012,도박사이트,01,002,1,www.goodboysdo.com,
WB,012,도박사이트,01,002,1,www.goodboystudios.com,
WB,012,도박사이트,01,002,1,www.goodbozi.infomaster.co.kr,
WB,012,도박사이트,01,002,1,www.goodbye.infomaster.co.kr,
WB,012,도박사이트,01,002,1,www.goodbyemag.com,
WB,012,도박사이트,01,002,1,www.goodcams.com,
WB,012,도박사이트,01,002,1,www.goodcherry.com,
WB,012,도박사이트,01,002,1,www.gooddeal.freeserve.co.uk,
WB,012,도박사이트,01,002,1,www.goodenoughtowait.com,
WB,012,도박사이트,01,002,1,www.goodero.co.kr,
WB,012,도박사이트,01,002,1,www.goodero.com,
WB,012,도박사이트,01,002,1,www.goodero.kp.ro,
WB,012,도박사이트,01,002,1,www.goodero.net,
WB,012,도박사이트,01,002,1,www.goodero.qp.to,
WB,012,도박사이트,01,002,1,www.gooderotica.com,
WB,012,도박사이트,01,002,1,www.goodforher.com,
WB,012,도박사이트,01,002,1,www.goodfreeporn.com,
WB,012,도박사이트,01,002,1,www.goodfreexxx.com,
WB,012,도박사이트,01,002,1,www.goodfriendsbar.com,
WB,012,도박사이트,01,002,1,www.goodfuck.net,
WB,012,도박사이트,01,002,1,www.goodfucker.cool168.com,
WB,012,도박사이트,01,002,1,www.goodfucker.n3.net,
WB,012,도박사이트,01,002,1,www.goodfuckk.com,
WB,012,도박사이트,01,002,1,www.goodfuckyfucky.com,
WB,012,도박사이트,01,002,1,www.goodfun.com,
WB,012,도박사이트,01,002,1,www.goodfuxxx.com,
WB,012,도박사이트,01,002,1,www.goodgalleries.com,
WB,012,도박사이트,01,002,1,www.goodgallery.com,
WB,012,도박사이트,01,002,1,www.goodgallerys.com,
WB,012,도박사이트,01,002,1,www.goodgameman.co.kr,
WB,012,도박사이트,01,002,1,www.goodgirl.fnpsites.com,
WB,012,도박사이트,01,002,1,www.goodgirl.uu.st,
WB,012,도박사이트,01,002,1,www.goodgirlbadgirl.com,
WB,012,도박사이트,01,002,1,www.goodgirlcorsets.com,
WB,013,폭력사이트,01,003,1,www.goodgirlgoneslut.com,
WB,013,폭력사이트,01,003,1,www.goodgirli.com,
WB,013,폭력사이트,01,003,1,www.goodgirls-kinkychics.com,
WB,013,폭력사이트,01,003,1,www.goodgirlsclub.com,
WB,013,폭력사이트,01,003,1,www.goodgirlsswallow.com,
WB,013,폭력사이트,01,003,1,www.goodguysclub.com,
WB,013,폭력사이트,01,003,1,www.goodhardporn.com,
WB,013,폭력사이트,01,003,1,www.goodhttp.com,
WB,013,폭력사이트,01,003,1,www.goodies.net,
WB,013,폭력사이트,01,003,1,www.goodimg.infomaster.co.kr,
WB,013,폭력사이트,01,003,1,www.goodkarma.co.kr,
WB,013,폭력사이트,01,003,1,www.goodking.wo.to,
WB,013,폭력사이트,01,003,1,www.goodkitty.com,
WB,013,폭력사이트,01,003,1,www.goodleg.infomaster.co.kr,
WB,013,폭력사이트,01,003,1,www.goodlife.infomaster.co.kr,
WB,013,폭력사이트,01,003,1,www.goodlittlebitch.com,
WB,013,폭력사이트,01,003,1,www.goodlolita.com,
WB,013,폭력사이트,01,003,1,www.goodlolitas.com,
WB,013,폭력사이트,01,003,1,www.goodlove.com,
WB,013,폭력사이트,01,003,1,www.goodlovesbabes.com,
WB,013,폭력사이트,01,003,1,www.goodloving.com,
WB,013,폭력사이트,01,003,1,www.goodlovingsbedroom.com,
WB,013,폭력사이트,01,003,1,www.goodluck-21-casino.com,
WB,013,폭력사이트,01,003,1,www.goodmanga.infomaster.co.kr,
WB,013,폭력사이트,01,003,1,www.goodmart24.com,
WB,013,폭력사이트,01,003,1,www.goodmen.myhardman.com,
WB,013,폭력사이트,01,003,1,www.goodmen.net,
WB,013,폭력사이트,01,003,1,www.goodmorningcasino.com,
WB,013,폭력사이트,01,003,1,www.goodmorningero.com,
WB,013,폭력사이트,01,003,1,www.goodmorningpunggi.co.kr,
WB,013,폭력사이트,01,003,1,www.goodmorningsex.ce.ro,
WB,013,폭력사이트,01,003,1,www.goodnamemmk.co.kr,
WB,013,폭력사이트,01,003,1,www.goodnet.com/~asupsy,
WB,013,폭력사이트,01,003,1,www.goodnet.com/~chapo,
WB,013,폭력사이트,01,003,1,www.goodnet.com/~content,
WB,013,폭력사이트,01,003,1,www.goodnet.com/~dj31220,
WB,013,폭력사이트,01,003,1,www.goodnet.com/~ssg1,
WB,013,폭력사이트,01,003,1,www.goodnet.com/~thedjc,
WB,013,폭력사이트,01,003,1,www.goodnight-tv.com,
WB,013,폭력사이트,01,003,1,www.goodnight-tv.net,
WB,013,폭력사이트,01,003,1,www.goodnightsex.com,
WB,013,폭력사이트,01,003,1,www.goodntight.com,
WB,013,폭력사이트,01,003,1,www.goodnude.infomaster.co.kr,
WB,013,폭력사이트,01,003,1,www.goodoldpussy.com,
WB,013,폭력사이트,01,003,1,www.goodolefashionedsex.com,
WB,013,폭력사이트,01,003,1,www.goodorgasm.com,
WB,013,폭력사이트,01,003,1,www.goodpantyhose.com,
WB,013,폭력사이트,01,003,1,www.goodpartner.com,
WB,013,폭력사이트,01,003,1,www.goodpenis.co.kr,
WB,013,폭력사이트,01,003,1,www.goodpenis.com,
WB,013,폭력사이트,01,003,1,www.goodpenis.tv,
WB,013,폭력사이트,01,003,1,www.goodpixxx.com,
WB,013,폭력사이트,01,003,1,www.goodplaza.co.kr,
WB,013,폭력사이트,01,003,1,www.goodporn.com,
WB,013,폭력사이트,01,003,1,www.goodpornmovies.com,
WB,013,폭력사이트,01,003,1,www.goodporno.co.kr,
WB,013,폭력사이트,01,003,1,www.goodpornsite.com,
WB,013,폭력사이트,01,003,1,www.goodpornvideos.com,
WB,013,폭력사이트,01,003,1,www.goodrelations.com,
WB,013,폭력사이트,01,003,1,www.goodreseller.com/link.php?pcode,
WB,013,폭력사이트,01,003,1,www.goods.tyuuniti.com,
WB,013,폭력사이트,01,003,1,www.goodsamch.com,
WB,013,폭력사이트,01,003,1,www.goodsex.co.kr,
WB,013,폭력사이트,01,003,1,www.goodsex.com,
WB,013,폭력사이트,01,003,1,www.goodsex.fu.st,
WB,013,폭력사이트,01,003,1,www.goodsex.tv,
WB,013,폭력사이트,01,003,1,www.goodsex.ws,
WB,013,폭력사이트,01,003,1,www.goodsex79.infomaster.co.kr,
WB,013,폭력사이트,01,003,1,www.goodsexcentral.com,
WB,013,폭력사이트,01,003,1,www.goodsexclub.com,
WB,013,폭력사이트,01,003,1,www.goodsexclub.ez.ro,
WB,013,폭력사이트,01,003,1,www.goodsexhouse.com,
WB,013,폭력사이트,01,003,1,www.goodsexkeeping.com,
WB,013,폭력사이트,01,003,1,www.goodsexmovies.com,
WB,013,폭력사이트,01,003,1,www.goodsexpics.com,
WB,013,폭력사이트,01,003,1,www.goodsexshop.co.kr,
WB,013,폭력사이트,01,003,1,www.goodsexsites.com,
WB,013,폭력사이트,01,003,1,www.goodsextv.co.kr,
WB,013,폭력사이트,01,003,1,www.goodsextv.com,
WB,013,폭력사이트,01,003,1,www.goodsextv.net,
WB,013,폭력사이트,01,003,1,www.goodsexual.com,
WB,013,폭력사이트,01,003,1,www.goodsexxx.cc,
WB,013,폭력사이트,01,003,1,www.goodsexxx.tv,
WB,013,폭력사이트,01,003,1,www.goodsexy.co.kr,
WB,013,폭력사이트,01,003,1,www.goodsexy.com,
WB,013,폭력사이트,01,003,1,www.goodsexy.net,
WB,013,폭력사이트,01,003,1,www.goodshots.com,
WB,013,폭력사이트,01,003,1,www.goodshow.co.kr,
WB,013,폭력사이트,01,003,1,www.goodsignups.com,
WB,013,폭력사이트,01,003,1,www.goodsite.cc,
WB,013,폭력사이트,01,003,1,www.goodspanking.com,
WB,013,폭력사이트,01,003,1,www.goodssen.com,
WB,013,폭력사이트,01,003,1,www.goodteens.fr.st,
WB,013,폭력사이트,01,003,1,www.goodtgp.com,
WB,013,폭력사이트,01,003,1,www.goodtgp.net,
WB,013,폭력사이트,01,003,1,www.goodthingx.com,
WB,013,폭력사이트,01,003,1,www.goodthinxx.com,
WB,013,폭력사이트,01,003,1,www.goodthinxxcash.com,
WB,013,폭력사이트,01,003,1,www.goodtime-girls.com,
WB,013,폭력사이트,01,003,1,www.goodtime.hentaianime-cartoonporn.com,
WB,013,폭력사이트,01,003,1,www.goodtime.nu,
WB,013,폭력사이트,01,003,1,www.goodtime4u.freeserve.co.uk,
WB,013,폭력사이트,01,003,1,www.goodtimephone.com,
WB,013,폭력사이트,01,003,1,www.goodtimeporn.com,
WB,013,폭력사이트,01,003,1,www.goodtimevideo.com,
WB,013,폭력사이트,01,003,1,www.goodtocome.com,
WB,013,폭력사이트,01,003,1,www.goodtocum.com,
WB,013,폭력사이트,01,003,1,www.goodtrade.com,
WB,013,폭력사이트,01,003,1,www.goodvcd999.com,
WB,013,폭력사이트,01,003,1,www.goodvibes.com,
WB,013,폭력사이트,01,003,1,www.goodvibration.de,
WB,013,폭력사이트,01,003,1,www.goodvibrations.biz,
WB,013,폭력사이트,01,003,1,www.goodvibs.com,
WB,013,폭력사이트,01,003,1,www.goodvirus.com,
WB,013,폭력사이트,01,003,1,www.goodwa.com,
WB,013,폭력사이트,01,003,1,www.goodweb.ne.jp,
WB,013,폭력사이트,01,003,1,www.goodxxx.com,
WB,013,폭력사이트,01,003,1,www.goodxxx.net,
WB,013,폭력사이트,01,003,1,www.goodxxxmovies.com,
WB,013,폭력사이트,01,003,1,www.goodxxxpics.com,
WB,013,폭력사이트,01,003,1,www.goody.net,
WB,013,폭력사이트,01,003,1,www.goodyadong.oko.in,
WB,013,폭력사이트,01,003,1,www.goodyear.wo.ro,
WB,013,폭력사이트,01,003,1,www.nue.fr.st,
WB,013,폭력사이트,01,003,1,www.nue.net/~wahyomi,
WB,013,폭력사이트,01,003,1,www.nue.photos-sexe-anal.org,
WB,013,폭력사이트,01,003,1,www.sec4you.net,
WB,013,폭력사이트,01,003,1,www.qwikpics.com,
WB,013,폭력사이트,01,003,1,aramiss.ce.ro,
WB,013,폭력사이트,01,003,1,aramiss.da.ru,
WB,013,폭력사이트,01,003,1,csio.be/inge,
WB,013,폭력사이트,01,003,1,mars.asianfreehost.com,
WB,013,폭력사이트,01,003,1,www.gorgedd.com,
WB,013,폭력사이트,01,003,1,www.gorgeous-amateurs.com,
WB,013,폭력사이트,01,003,1,www.gorgeous-babes.com,
WB,013,폭력사이트,01,003,1,www.gorgeous-girls.com,
WB,013,폭력사이트,01,003,1,www.gorgeous-ladies.com,
WB,013,폭력사이트,01,003,1,www.gorgeous-women.com,
WB,013,폭력사이트,01,003,1,www.gorgeous.xxxland.net,
WB,013,폭력사이트,01,003,1,www.gorgeousamateur.com,
WB,013,폭력사이트,01,003,1,www.gorgeousbabes.com,
WB,013,폭력사이트,01,003,1,www.gorgeousbbw.com,
WB,013,폭력사이트,01,003,1,www.gorgeousbbwcom,
WB,013,폭력사이트,01,003,1,www.gorgeousboys.com,
WB,013,폭력사이트,01,003,1,www.gorgeousboysshemale.com,
WB,013,폭력사이트,01,003,1,www.gorgeouscindy.com,
WB,013,폭력사이트,01,003,1,www.gorgeouserotica.com,
WB,013,폭력사이트,01,003,1,www.gorgeousfem.com,
WB,013,폭력사이트,01,003,1,www.gorgeousgirl.com,
WB,013,폭력사이트,01,003,1,www.gorgeousgirl.net,
WB,013,폭력사이트,01,003,1,www.gorgeousgirls.com,
WB,013,폭력사이트,01,003,1,www.gorgeousgirls.nu,
WB,013,폭력사이트,01,003,1,www.gorgeousguys.com,
WB,013,폭력사이트,01,003,1,www.gorgeousnakedwomen.com,
WB,013,폭력사이트,01,003,1,www.gorgeousnymphos.com,
WB,013,폭력사이트,01,003,1,www.gorgeouspics.com,
WB,013,폭력사이트,01,003,1,www.gorgeouspictures.com,
WB,013,폭력사이트,01,003,1,www.gorgeousteenbabes.com,
WB,013,폭력사이트,01,003,1,www.gorgeousteens.org,
WB,013,폭력사이트,01,003,1,www.gorgeousvideos.com,
WB,013,폭력사이트,01,003,1,www.gorgeouswomenoncam.com,
WB,013,폭력사이트,01,003,1,www.gorgesprofondes.videoxgate.com,
WB,013,폭력사이트,01,003,1,www.gorgousladies.com,
WB,013,폭력사이트,01,003,1,www.grogxx.duvx.com,
WB,013,폭력사이트,01,003,1,www.son99.com,
WB,013,폭력사이트,01,003,1,39mx0ppn-8-1.abby.nu,
WB,013,폭력사이트,01,003,1,8a0riquy-8-2_bak.abby.nu,
WB,013,폭력사이트,01,003,1,ad.xxxpic.com,
WB,013,폭력사이트,01,003,1,anal.gay-erotism.com,
WB,013,폭력사이트,01,003,1,anal.gay-homepages.com,
WB,013,폭력사이트,01,003,1,anal.gay-images.com,
WB,013,폭력사이트,01,003,1,anal.gay-latinos.com,
WB,013,폭력사이트,01,003,1,anal.gay-men-nude.com,
WB,013,폭력사이트,01,003,1,anal.gay-spanking.com,
WB,013,폭력사이트,01,003,1,anal.gay-uniforms.com,
WB,013,폭력사이트,01,003,1,anal.gay-web.com,
WB,013,폭력사이트,01,003,1,anal.gayhost4free.com,
WB,013,폭력사이트,01,003,1,anal.gaypeepshows.com,
WB,013,폭력사이트,01,003,1,anal.softcore-stories.com,
WB,013,폭력사이트,01,003,1,anal.softcore-women.com,
WB,013,폭력사이트,01,003,1,anal.softsexyhair.com,
WB,013,폭력사이트,01,003,1,animax.dvd-nukumori.com,
WB,013,폭력사이트,01,003,1,atvnet.somewhere.net,
WB,013,폭력사이트,01,003,1,bigvids.adultticket.com,
WB,013,폭력사이트,01,003,1,bigvids.freeadultkey.com,
WB,013,폭력사이트,01,003,1,bill-bryson-nude-1028.abby.nu,
WB,013,폭력사이트,01,003,1,billy-bragg-nude-1028.abby.nu,
WB,013,폭력사이트,01,003,1,bugsporno.com,
WB,013,폭력사이트,01,003,1,bushbaby.fsn.net,
WB,013,폭력사이트,01,003,1,casino.happysky.com,
WB,013,폭력사이트,01,003,1,casino.hot-stars.com,
WB,013,폭력사이트,01,003,1,chaseyslaw.porn-stars.org,
WB,013,폭력사이트,01,003,1,clicks.toteme.com,
WB,013,폭력사이트,01,003,1,clicks.traffictrader.net/c.cgi?id=69,
WB,013,폭력사이트,01,003,1,crazylove.jp,
WB,013,폭력사이트,01,003,1,ctc.wetworld.net,
WB,013,폭력사이트,01,003,1,cto82os9-8-24b.abby.nu,
WB,013,폭력사이트,01,003,1,cunt-juice.1stopsexxx.com,
WB,013,폭력사이트,01,003,1,danishsoftwareimport.dk,
WB,013,폭력사이트,01,003,1,del.wethost.com,
WB,019,유해기타,01,099,1,eden.simplenet.com,
WB,019,유해기타,01,099,1,erorian.com,
WB,019,유해기타,01,099,1,erotiche.cyberifacation.com,
WB,019,유해기타,01,099,1,fetishmovies.sextoylady.com,
WB,019,유해기타,01,099,1,finet.sex,
WB,019,유해기타,01,099,1,foot.klitz.com,
WB,019,유해기타,01,099,1,footfetish-pics.adultsphotos.com,
WB,019,유해기타,01,099,1,footfetish-pictures.spingirl.com,
WB,019,유해기타,01,099,1,footfetish.dildodan.com,
WB,019,유해기타,01,099,1,footfetish.virtualsex.to,
WB,019,유해기타,01,099,1,footfetish.xxxporndrive.com,
WB,019,유해기타,01,099,1,footfetishavenue.com,
WB,019,유해기타,01,099,1,footfetishdirectory.com,
WB,019,유해기타,01,099,1,galbokorea.nn.to,
WB,019,유해기타,01,099,1,gay.anal-erotism.com,
WB,019,유해기타,01,099,1,gayanal.allamericanman.com,
WB,019,유해기타,01,099,1,geri-haliwell-nude-1028.abby.nu,
WB,019,유해기타,01,099,1,geri-halliwel-nude-1028.abby.nu,
WB,019,유해기타,01,099,1,geri-halliwell-nude-1028.abby.nu,
WB,019,유해기타,01,099,1,girlnudeadult.juno.co.kr,
WB,019,유해기타,01,099,1,girlnudeadult.kono.co.kr,
WB,019,유해기타,01,099,1,girlnudeadult.sports21.co.kr,
WB,019,유해기타,01,099,1,golden.websextv.com,
WB,019,유해기타,01,099,1,guest.bound.to,
WB,019,유해기타,01,099,1,hentaiads.com,
WB,019,유해기타,01,099,1,hlwf97s1-8-2_bak.abby.nu,
WB,019,유해기타,01,099,1,hombresdesnudos.pajoskyclub.com,
WB,019,유해기타,01,099,1,home.onestop.net/harumi,
WB,019,유해기타,01,099,1,ilovesolo.com,
WB,019,유해기타,01,099,1,info.fclub.com,
WB,019,유해기타,01,099,1,jcevgu.netfirms.com,
WB,019,유해기타,01,099,1,jem.sexplanets.com,
WB,019,유해기타,01,099,1,jenny.great.nu,
WB,019,유해기타,01,099,1,julia-nude-pics-1028.abby.nu,
WB,019,유해기타,01,099,1,k9507053.hihome.com,
WB,019,유해기타,01,099,1,kid.websextv.com,
WB,019,유해기타,01,099,1,kids.websextv.com,
WB,019,유해기타,01,099,1,libbysplace.realgals.com/centerfolds,
WB,019,유해기타,01,099,1,livetranssexual.com,
WB,019,유해기타,01,099,1,mallkun.to/carrot,
WB,019,유해기타,01,099,1,maniax.dlsite.com,
WB,019,유해기타,01,099,1,mp1004.web1000.com,
WB,019,유해기타,01,099,1,mpegarchive.adultbouncer.com,
WB,019,유해기타,01,099,1,nudeandpregnant.com,
WB,019,유해기타,01,099,1,nudegirlforgirl.com,
WB,019,유해기타,01,099,1,nudegirlmovies.com,
WB,019,유해기타,01,099,1,nudegirls-pictures.x-porn.com,
WB,019,유해기타,01,099,1,nudegirls.adult-zone.com,
WB,019,유해기타,01,099,1,nudegirls.adult.directnic.com,
WB,019,유해기타,01,099,1,nudegirls.dampgirl.com,
WB,019,유해기타,01,099,1,nudegirls.desiredimages.com,
WB,019,유해기타,01,099,1,nudegirls.eroticountry.com,
WB,019,유해기타,01,099,1,nudegirls.russianschoolgirls.com,
WB,019,유해기타,01,099,1,nudegirls.sexpornimages.com,
WB,019,유해기타,01,099,1,nudegirls.wethost.com,
WB,019,유해기타,01,099,1,nunting.wo.to,
WB,019,유해기타,01,099,1,open.websextv.com,
WB,019,유해기타,01,099,1,scanwolf.eroticountry.com,
WB,019,유해기타,01,099,1,sex17.shop104.net,
WB,019,유해기타,01,099,1,sexjoa.mr4u.com,
WB,019,유해기타,01,099,1,sexman.dildodan.com,
WB,019,유해기타,01,099,1,sexok.88cc.net,
WB,019,유해기타,01,099,1,strobe.lights.com,
WB,019,유해기타,01,099,1,tabitha-cash-nude-1028.abby.nu,
WB,019,유해기타,01,099,1,tabitha-nude-pics-1028.abby.nu,
WB,019,유해기타,01,099,1,tabitha-stevens-nude-1028.abby.nu,
WB,019,유해기타,01,099,1,tea-leoni-nude-1028.abby.nu,
WB,019,유해기타,01,099,1,thumbh493.pics2.com,
WB,019,유해기타,01,099,1,top-free-porno-pics.upskirtsvideos.com,
WB,019,유해기타,01,099,1,unclelust.pervertedtaboo.com,
WB,019,유해기타,01,099,1,underworld.fortunecity.com/platform/852,
WB,019,유해기타,01,099,1,vc5xhsss-8-6_bak.abby.nu,
WB,019,유해기타,01,099,1,viagra.hotel.fsn.net,
WB,019,유해기타,01,099,1,w3.sillygirls.com,
WB,019,유해기타,01,099,1,wolfscans.websx.com,
WB,019,유해기타,01,099,1,www.0costamateurs.com,
WB,019,유해기타,01,099,1,www.0costlesbians.com,
WB,019,유해기타,01,099,1,www.0costsex.com,
WB,019,유해기타,01,099,1,www.0costteens.com,
WB,019,유해기타,01,099,1,www.0costtoypics.com,
WB,019,유해기타,01,099,1,www.2pleaseme.com,
WB,019,유해기타,01,099,1,www.4-free-porn-sites.com,
WB,019,유해기타,01,099,1,www.4-free-porn.com,
WB,019,유해기타,01,099,1,www.4-free-sex-show.com,
WB,019,유해기타,01,099,1,www.4-free-sex-sites.com,
WB,019,유해기타,01,099,1,www.4-free-xxx-porn.com,
WB,019,유해기타,01,099,1,www.4-freeporn.com,
WB,019,유해기타,01,099,1,www.8him.com,
WB,019,유해기타,01,099,1,www.aelfeet.com,
WB,019,유해기타,01,099,1,www.av4a.com,
WB,019,유해기타,01,099,1,www.cdxfuckpics.com,
WB,019,유해기타,01,099,1,www.cox.oldsledge.com,
WB,019,유해기타,01,099,1,www.cruxxx.com,
WB,019,유해기타,01,099,1,www.dnflsms4951.infomaster.co.kr,
WB,019,유해기타,01,099,1,www.elfacial.com,
WB,019,유해기타,01,099,1,www.ex-password-crack.yo78.icerap.com,
WB,019,유해기타,01,099,1,www.felacio.com,
WB,019,유해기타,01,099,1,www.felaciones.com,
WB,019,유해기타,01,099,1,www.felatio.com,
WB,019,유해기타,01,099,1,www.felatio.nu,
WB,019,유해기타,01,099,1,www.fnldraftinc.com,